Workbook

Sheet ReadMe
A1: Governance-as-Code Accelerator — Maturity Assessment Instrument
A3: Purpose
A4: Converts the source strategy report's telemetry/KPI matrix (COV, VPL, ARI, PDR, QVD, CC, APF, EAR, OCI, DOR, SMC, SDDR) into a scored, repeatable questionnaire. This is a deterministic instrument: the same answers on the Questionnaire sheet will always produce the same overall score and Wave recommendation on the Results sheet, regardless of which consultant runs it — this directly closes Gap 4 ("deterministic") in the offering gap analysis.
A6: How to use it
A7: 1. Go to the Questionnaire sheet. For each of the 16 questions, pick a score from 0 (not in place / worst case) to 5 (fully mature / best case) using the dropdown in the Score column. These are the only cells you should edit. All scores ship pre-set to 0 as a placeholder so the workbook opens with a valid, error-free Wave 1 result — overwrite every row with the client's real answers before trusting the Results sheet.
A8: 2. The Results sheet computes each dimension's subtotal and the overall maturity score automatically via formulas — do not hand-edit any cell there.
A9: 3. The overall score is looked up against the Wave Thresholds table to recommend which of the 90-Day Roadmap's three Waves (see the source report, Section 4.7) the client should start in.
A10: 4. Set a Target score (0-100) per dimension on the Results sheet (defaults to 70 — the Wave 3 threshold — as a "fully automated" aspiration; recalibrate per client). The Maturity Wheel sheet plots Current vs. Target as a radar chart for live use in the workshop, alongside a representative activity per dimension to anchor the discussion.
A11: Scope note
A12: Dimension weights (25% each by default) and the Wave thresholds (40 / 70) are starting defaults calibrated against the illustrative client in the source report, not an empirically derived industry standard — recalibrate them per client/industry if you have a better basis, and note that recalibration as a deliberate decision, not a silent edit.
A14: Related artifacts in this repo
A15: - governance-as-code/schemas/core10-and-31-attribute-framework.md — the metadata standard the "Siloed Metadata Coverage" question (Q4.2) is scored against.
... A17: - governance-as-code/raci/ — the decision-rights matrix (RACI, DACI, or RAPID) chosen for the client feeds the "Hub-and-Spoke charter" question (Q4.4) and the Maturity Wheel discussion.

Sheet Questionnaire
A1: Governance-as-Code Maturity Assessment — Questionnaire
A2: Score each question 0 (not in place) to 5 (fully mature). Edit only the yellow Score column.
A4: Dimension | B4: # | C4: Question | D4: Score (0-5) | E4: KPI Reference
A5: Operational & Lifecycle Velocity | B5: 1 | C5: Assets move from raw ingestion to a registered Gold product in days, not months. | D5: 0 | E5: COV
A6: Operational & Lifecycle Velocity | B6: 2 | C6: Contract/schema validation runs automatically in CI in well under a minute (vs. manual review). | D6: 0 | E6: VPL
A7: Operational & Lifecycle Velocity | B7: 3 | C7: New projects reuse existing Gold data products more often than they build new raw pipelines. | D7: 0 | E7: ARI
A8: Operational & Lifecycle Velocity | B8: 4 | C8: Business units are not routing around a central team's backlog to get data delivered. | D8: 0 | E8: COV / Backlog
A9: Operational & Lifecycle Velocity — Subtotal (0-100) | D9: =AVERAGE(D5:D8)/5*100
A11: Data Quality & Stability | B11: 5 | C11: Statistical drift monitoring (e.g. K-S test / PSI) runs automatically on ingestion, not just structural checks. | D11: 0 | E11: PDR
A12: Data Quality & Stability | B12: 6 | C12: Anomalous data is automatically quarantined (Dead Letter Queue) rather than silently reaching dashboards. | D12: 0 | E12: QVD
A13: Data Quality & Stability | B13: 7 | C13: Quarantined/failed payloads are typically resolved within hours, not days. | D13: 0 | E13: QVD
A14: Data Quality & Stability | B14: 8 | C14: Data contracts enforce schema completeness checks (e.g. all required source feeds present) in CI. | D14: 0 | E14: CC
A15: Data Quality & Stability — Subtotal (0-100) | D15: =AVERAGE(D11:D14)/5*100
A17: Security & Dynamic Compliance | B17: 9 | C17: Access control evaluates context (device, location, time, relationship) rather than static role lists only. | D17: 0 | E17: APF
A18: Security & Dynamic Compliance | B18: 10 | C18: Just-in-time, time-bound access grants are the norm rather than standing permanent permissions. | D18: 0 | E18: EAR
A19: Security & Dynamic Compliance | B19: 11 | C19: There are few or no manual Active Directory group mappings that bypass the central entitlement system. | D19: 0 | E19: OCI
A20: Security & Dynamic Compliance | B20: 12 | C20: Every policy decision and schema change is written to an immutable, auditable log. | D20: 0 | E20: APF / OCI
A21: Security & Dynamic Compliance — Subtotal (0-100) | D21: =AVERAGE(D17:D20)/5*100
A23: Departmental & Accountability Maturity | B23: 13 | C23: Data Owners approve or deny access requests within hours, not days. | D23: 0 | E23: DOR
A24: Departmental & Accountability Maturity | B24: 14 | C24: Domain-managed data assets meet the Core 10 metadata attributes (see core10-and-31-attribute-framework.md). | D24: 0 | E24: SMC
A25: Departmental & Accountability Maturity | B25: 15 | C25: Shadow spreadsheets / untracked database replicas are measurably shrinking month over month. | D25: 0 | E25: SDDR
A26: Departmental & Accountability Maturity | B26: 16 | C26: A Hub-and-Spoke charter with clear voting/arbitration rules is signed and in active use. | D26: 0 | E26: Charter
A27: Departmental & Accountability Maturity — Subtotal (0-100) | D27: =AVERAGE(D23:D26)/5*100

Sheet Results
A1: Governance-as-Code Maturity Assessment — Results
A2: All cells on this sheet are computed from the Questionnaire sheet — do not hand-edit.
A4: Dimension | B4: Subtotal (0-100) | C4: Weight | D4: Weighted Contribution | E4: Target (0-100)
A5: Operational & Lifecycle Velocity | B5: =Questionnaire!D9 | C5: 0.25 | D5: =B5*C5 | E5: 70
A6: Data Quality & Stability | B6: =Questionnaire!D15 | C6: 0.25 | D6: =B6*C6 | E6: 70
A7: Security & Dynamic Compliance | B7: =Questionnaire!D21 | C7: 0.25 | D7: =B7*C7 | E7: 70
A8: Departmental & Accountability Maturity | B8: =Questionnaire!D27 | C8: 0.25 | D8: =B8*C8 | E8: 70
A9: Weight check (must equal 100%) | C9: =SUM(C5:C8)
A11: Overall Maturity Score (0-100) | B11: =SUMPRODUCT(B5:B8,C5:C8)
A13: Wave Thresholds (reference table — edit only to recalibrate)
A14: Min Score | B14: Wave | C14: Recommended Starting Point
A15: 0 | B15: Wave 1 | C15: Foundations, Roles & Chartering (Days 1-30)
A16: 40 | B16: Wave 2 | C16: Mapping, Contracts & Baseline Security (Days 31-60)
A17: 70 | B17: Wave 3 | C17: Automation & Advanced Layers — PBAC & JIT (Days 61-90)
A19: Recommended Starting Wave | B19: =INDEX(B15:B17,MATCH(B11,A15:A17,1))&" — "&INDEX(C15:C17,MATCH(B11,A15:A17,1))

Sheet Maturity Wheel
A1: Governance-as-Code Maturity Assessment — Maturity Wheel
A2: Current vs. target score per dimension, for live use in the workshop. Current and Target are pulled from the Results sheet — edit the Target column there, not here. The Activities column is a conversation-starter, not an exhaustive plan; use it to anchor the 'what gets us from here to target' discussion live with the client.
A4: Dimension | B4: Current (0-100) | C4: Target (0-100) | D4: Representative Activity
A5: Operational & Lifecycle Velocity | B5: =Results!B5 | C5: =Results!E5 | D5: Move assets from raw ingestion to a registered Gold product in days, not months.
A6: Data Quality & Stability | B6: =Results!B6 | C6: =Results!E6 | D6: Automate statistical drift monitoring (K-S test / PSI) on ingestion, not just structural checks.
A7: Security & Dynamic Compliance | B7: =Results!B7 | C7: =Results!E7 | D7: Move access control to evaluate context (device, location, time, relationship), not static role lists only.
A8: Departmental & Accountability Maturity | B8: =Results!B8 | C8: =Results!E8 | D8: Get Data Owners approving or denying access requests within hours, not days.
